<?xml version="1.0" encoding="UTF-8"?>
<site>
   <description name="mchr3k-eclipse" url="http://mchr3k-eclipse.appspot.com">
      Eclipse Plugins
   </description>
   <feature url="features/jd.edi.eclipse.feature_0.1.3.jar" id="jd.edi.eclipse.feature" version="0.1.3">
      <category name="JD-Eclipse"/>
   </feature>
   <feature url="features/realignment.jd.ide.eclipse.feature_1.1.1.jar" id="realignment.jd.ide.eclipse.feature" version="1.1.1">
      <category name="JD-Eclipse"/>
   </feature>
   <category-def name="JD-Eclipse" label="Java Decompiler Eclipse Plug-in">
      <description>
         JD-Eclipse - More info: http://mchr3k.github.com/jdeclipse-realign/
      </description>
   </category-def>
   <feature url="features/codetrails.feature_0.6.0.jar" id="codetrails.feature" version="0.6">
      <category name="codetrails.category"/>
   </feature>
   <category-def name="codetrails.category" label="Code Trails">
      <description>
         Code Trails - More info: http://mchr3k.github.com/codetrails/
      </description>
   </category-def>
</site>
